val_1,val_2,add,sub,mul,div
56,31,87,25,1736,1.806451613
52,70,122,-18,3640,0.742857143
62,86,148,-24,5332,0.720930233
79,30,109,49,2370,2.633333333
100,0,100,100,0,0
